{"cameraMode":{"drawMode":0,"name":"Shaded","section":"Shading Mode"},"sceneLighting":true,"audioPlay":false,"sceneViewState":{"showFog":true,"showMaterialUpdate":false,"showSkybox":true,"showFlares":true,"showImageEffects":true,"showParticleSystems":true},"in2DMode":false,"pivot":{"x":25.600000381469728,"y":4.489999771118164,"z":72.45999908447266},"rotation":{"x":-0.08677712827920914,"y":0.9009409546852112,"z":-0.21219433844089509,"w":-0.3684409260749817},"size":59.744239807128909,"orthographic":false}