{"cameraMode":{"drawMode":0,"name":"Shaded","section":"Shading Mode"},"sceneLighting":false,"audioPlay":false,"sceneViewState":{"showFog":true,"showMaterialUpdate":false,"showSkybox":false,"showFlares":true,"showImageEffects":true,"showParticleSystems":true},"in2DMode":false,"pivot":{"x":19.85909652709961,"y":1.5324058532714844,"z":50.294795989990237},"rotation":{"x":-0.0873296931385994,"y":0.9006216526031494,"z":-0.2135455161333084,"w":-0.3683103621006012},"size":2.214109182357788,"orthographic":false}