{"cameraMode":{"drawMode":0,"name":"Shaded","section":"Shading Mode"},"sceneLighting":true,"audioPlay":false,"sceneViewState":{"showFog":true,"showMaterialUpdate":false,"showSkybox":true,"showFlares":true,"showImageEffects":true,"showParticleSystems":true},"in2DMode":false,"pivot":{"x":-90.9856948852539,"y":-53.899559020996097,"z":181.54771423339845},"rotation":{"x":-0.08654054254293442,"y":0.9007043242454529,"z":-0.21071310341358186,"w":-0.3699221611022949},"size":166.1757354736328,"orthographic":false}