{"cameraMode":{"drawMode":0,"name":"Shaded","section":"Shading Mode"},"sceneLighting":false,"audioPlay":false,"sceneViewState":{"showFog":true,"showMaterialUpdate":false,"showSkybox":false,"showFlares":true,"showImageEffects":true,"showParticleSystems":true},"in2DMode":false,"pivot":{"x":14.600000381469727,"y":1.6299998760223389,"z":3.6999998092651369},"rotation":{"x":-0.03470625355839729,"y":0.9590411186218262,"z":-0.13496370613574983,"w":-0.24661976099014283},"size":1.2247447967529297,"orthographic":false}