{"cameraMode":{"drawMode":0,"name":"Shaded","section":"Shading Mode"},"sceneLighting":true,"audioPlay":false,"sceneViewState":{"showFog":true,"showMaterialUpdate":false,"showSkybox":true,"showFlares":true,"showImageEffects":true,"showParticleSystems":true},"in2DMode":false,"pivot":{"x":113.77579498291016,"y":76.43238830566406,"z":145.42083740234376},"rotation":{"x":-0.08654054254293442,"y":0.9007043242454529,"z":-0.21071310341358186,"w":-0.3699221611022949},"size":113.81555938720703,"orthographic":false}